Feature,Importance
PROM_PERIODO,0.24538168532674215
NIVEL,0.20388051925705253
EFICIENCIA,0.1556286797473262
ASIST_PROM,0.14063122021814617
PROP_REPROB,0.10416065289784118
TOTAL_MAT,0.09095565042661283
REPROBADAS,0.04947560310505264
REPITENCIAS,0.009885989021226288
