Feature,Importance
PROM_PERIODO,0.24375936121180042
NIVEL,0.22361275389309504
EFICIENCIA,0.14780959917862943
ASIST_PROM,0.13820568575746892
PROP_REPROB,0.11882194035583303
REPROBADAS,0.06195568275531
TOTAL_MAT,0.05636082338017356
REPITENCIAS,0.009474153467689712
