{"accuracy": 0.8373983739837398, "roc_auc": 0.8156843156843157, "balanced_accuracy": 0.7907092907092907}