{"accuracy": 0.9299363057324841, "roc_auc": 0.9030969030969032, "balanced_accuracy": 0.8648851148851149, "f1_score": 0.8137603795966786, "recall": 0.8648851148851149, "precission": 0.778604118993135}