{
    "accuracy": 0.9235668789808917,
    "roc_auc": 0.9250749250749251,
    "balanced_accuracy": 0.8613886113886113,
    "f1_score": 0.8021008403361345,
    "recall": 0.8613886113886113,
    "precission": 0.764051094890511
}