{"accuracy": 0.8008130081300813, "roc_auc": 0.8016983016983017, "balanced_accuracy": 0.7837162837162837}